Knee Angle,Ankle Angle,Hip Angle,Initial Contact,Loading Response,Mid Stance,Terminal Stance,Pre Swing
179.79478869440345,179.79478869440345,0.10615695309979609,,,,,
179.06506903911665,179.06506903911665,0.48922593270099657,179.06506903911665,,,,
178.89925413192708,178.89925413192708,0.5789880705414095,178.89925413192708,,,,
178.5009388192405,178.5009388192405,0.7886034886386657,178.5009388192405,,,,
178.41534700797428,178.41534700797428,0.8329217057672946,178.41534700797428,,,,
178.36674351753857,178.36674351753857,0.8588234197076368,178.36674351753857,,,,
178.25468052907496,178.25468052907496,0.9178816543015772,178.25468052907496,,,,
178.12506368331967,178.12506368331967,0.98757662256588,178.12506368331967,,,,
178.1765801216788,178.1765801216788,0.9587730400262688,178.1765801216788,,,,
178.10414633166278,178.10414633166278,0.9963287725320684,178.10414633166278,,,,
178.17356494277146,178.17356494277146,0.9597847592456995,178.17356494277146,,,,
178.29430318791617,178.29430318791617,0.8974524022735562,178.29430318791617,,,,
178.38872914764926,178.38872914764926,0.8469104611038727,178.38872914764926,,,,
178.41597874405875,178.41597874405875,0.8320170372202544,178.41597874405875,,,,
178.1575066475221,178.1575066475221,0.967190305499458,178.1575066475221,,,,
178.1486952443307,178.1486952443307,0.9715216828921055,178.1486952443307,,,,
178.14797996993894,178.14797996993894,0.972145377070901,178.14797996993894,,,,
178.16088195082204,178.16088195082204,0.9654875898561249,178.16088195082204,,,,
178.02650459529764,178.02650459529764,1.0363399895370744,178.02650459529764,,,,
177.7771412935931,177.7771412935931,1.1676439322547267,177.7771412935931,,,,
177.7260753621026,177.7260753621026,1.1949070801803048,177.7260753621026,,,,
177.6870364627071,177.6870364627071,1.2154603772096064,177.6870364627071,,,,
177.59219470218164,177.59219470218164,1.2653269464407115,177.59219470218164,,,,
177.5784371825427,177.5784371825427,1.273115898892695,177.5784371825427,,,,
177.64319493609463,177.64319493609463,1.2371960545091218,177.64319493609463,,,,
177.68813413298486,177.68813413298486,1.2124401139155916,177.68813413298486,,,,
177.8839202424565,177.8839202424565,1.109935135223348,177.8839202424565,,,,
177.94268537571332,177.94268537571332,1.0792464433992692,177.94268537571332,,,,
177.98381661714217,177.98381661714217,1.0580410818216772,177.98381661714217,,,,
178.00401971064537,178.00401971064537,1.0476149168175302,178.00401971064537,,,,
178.10286387544645,178.10286387544645,0.9944279310723849,178.10286387544645,,,,
178.48798372376336,178.48798372376336,0.7921840614691353,178.48798372376336,,,,
178.8479183123123,178.8479183123123,0.6009026568984871,178.8479183123123,,,,
179.03676793974296,179.03676793974296,0.5016860736166041,179.03676793974296,,,,
179.02761478931853,179.02761478931853,0.506644788801841,179.02761478931853,,,,
179.0265788184167,179.0265788184167,0.5072779420269677,179.0265788184167,,,,
179.0798322499998,179.0798322499998,0.47937398092433825,179.0798322499998,,,,
179.11976349556417,179.11976349556417,0.45841770289318623,179.11976349556417,,,,
178.78961511898393,178.78961511898393,0.6299270122410292,178.78961511898393,,,,
178.1340678340328,178.1340678340328,0.9712228718888778,178.1340678340328,,,,
177.9512065559116,177.9512065559116,1.0662818961709482,177.9512065559116,,,,
178.1650536248393,178.1650536248393,0.9547491178439124,178.1650536248393,,,,
178.26913894677972,178.26913894677972,0.9004387832600076,178.26913894677972,,,,
178.28827019456392,178.28827019456392,0.8912822541838437,178.28827019456392,,,,
178.30989448141275,178.30989448141275,0.8804894652703636,178.30989448141275,,,,
178.46075432422538,178.46075432422538,0.8015714592475021,178.46075432422538,,,,
178.86903035514018,178.86903035514018,0.5887713812372969,178.86903035514018,,,,
178.72741549691997,178.72741549691997,0.6635514834164614,178.72741549691997,,,,
178.6088202559294,178.6088202559294,0.7260253463040227,178.6088202559294,,,,
178.6697105910315,178.6697105910315,0.693087111879402,178.6697105910315,,,,
178.79711262553798,178.79711262553798,0.6261158550971957,178.79711262553798,,,,
178.57595696034247,178.57595696034247,0.7416040556827392,178.57595696034247,,,,
178.42200279929972,178.42200279929972,0.8223528979911547,178.42200279929972,,,,
178.4378391264953,178.4378391264953,0.8128680353606551,178.4378391264953,,,,
178.50791828885943,178.50791828885943,0.7763238193301842,178.50791828885943,,,,
178.58495195310482,178.58495195310482,0.7362403968705583,178.58495195310482,,,,
178.73876659514536,178.73876659514536,1.0038337521676512,178.73876659514536,,,,
178.8490030569002,178.8490030569002,0.70629722653756,178.8490030569002,,,,
179.3846786664286,179.3846786664286,0.8039336860954834,179.3846786664286,,,,
179.17930457601778,179.17930457601778,0.5828503422919109,179.17930457601778,,,,
179.10224504278128,179.10224504278128,0.4560882182843929,179.10224504278128,,,,
179.80693151499793,179.80693151499793,0.791721645935072,179.80693151499793,,,,
180.0171990396346,180.0171990396346,0.7378824790821441,180.0171990396346,,,,
181.6620921867207,181.6620921867207,1.337734083317832,181.6620921867207,,,,
181.33670385629287,181.33670385629287,0.6778318828216974,181.33670385629287,,,,
180.09805821234914,180.09805821234914,0.06247377123235937,180.09805821234914,,,,
179.69521119818484,179.69521119818484,0.1785847686764177,179.69521119818484,,,,
179.52997846591225,179.52997846591225,0.2455968607895496,179.52997846591225,,,,
179.6682826093107,179.6682826093107,0.3318769919557061,179.6682826093107,,,,
179.8038419717969,179.8038419717969,0.3887250523397273,179.8038419717969,,,,
179.54639440836706,179.54639440836706,0.502443525856809,179.54639440836706,,,,
179.8004788547366,179.8004788547366,0.5812488059887324,179.8004788547366,,,,
180.08760061989022,180.08760061989022,0.5262216762491219,180.08760061989022,,,,
180.17073137410173,180.17073137410173,0.5229427484829205,180.17073137410173,,,,
180.13665889028027,180.13665889028027,0.5293165929698267,180.13665889028027,,,,
180.42345772288263,180.42345772288263,0.624363323860966,180.42345772288263,,,,
180.69606526708176,180.69606526708176,0.6701322945680228,180.69606526708176,,,,
180.80119521460614,180.80119521460614,0.6773827110727618,180.80119521460614,,,,
180.88437977821093,180.88437977821093,0.6993351478629871,180.88437977821093,,,,
180.8857998196748,180.8857998196748,0.781533561632169,180.8857998196748,,,,
180.88962083986905,180.88962083986905,0.8289883490614989,180.88962083986905,,,,
180.8111212163257,180.8111212163257,0.7957278718388288,180.8111212163257,,,,
180.75336543327745,180.75336543327745,0.7713084356739929,180.75336543327745,,,,
180.56354049053724,180.56354049053724,0.7315627067753666,180.56354049053724,,,,
180.55654973186392,180.55654973186392,0.7326761616506118,180.55654973186392,,,,
180.55416564681084,180.55416564681084,0.7303500207435167,180.55416564681084,,,,
180.4885393127201,180.4885393127201,0.7593413795688393,180.4885393127201,,,,
180.45382521058536,180.45382521058536,0.7432230578989011,180.45382521058536,,,,
180.4443882033041,180.4443882033041,0.7375288379002942,180.4443882033041,,,,
180.40032690814178,180.40032690814178,0.7417787523042318,180.40032690814178,,,,
180.3637796474714,180.3637796474714,0.7443047731048695,180.3637796474714,,,,
180.38726858520482,180.38726858520482,0.7058739774708869,180.38726858520482,,,,
180.40157265586242,180.40157265586242,0.6813556337590981,180.40157265586242,,,,
180.57483948146802,180.57483948146802,0.722724280024063,180.57483948146802,,,,
180.6821150893147,180.6821150893147,0.7553841624603179,180.6821150893147,,,,
180.56131210275015,180.56131210275015,0.7309511316457917,180.56131210275015,,,,
180.47473534951214,180.47473534951214,0.7061686145228332,180.47473534951214,,,,
180.23050801227743,180.23050801227743,0.6542713981617355,180.23050801227743,,,,
179.3428530401161,179.3428530401161,0.342873737714872,179.3428530401161,,,,
178.94228744118857,178.94228744118857,0.5500127354475981,178.94228744118857,,,,
179.20528098572692,179.20528098572692,0.41471538705398114,179.20528098572692,,,,
179.38239944569904,179.38239944569904,0.32244686290780666,179.38239944569904,,,,
179.503921283544,179.503921283544,0.32818985102667797,179.503921283544,,,,
179.59441923127588,179.59441923127588,0.36462341108805446,179.59441923127588,,,,
179.58234809348744,179.58234809348744,0.4425245648270191,179.58234809348744,,,,
179.6336836212619,179.6336836212619,0.4841754250633694,179.6336836212619,,,,
179.79400568556156,179.79400568556156,0.5256492117091777,179.79400568556156,,,,
180.09084658727073,180.09084658727073,0.45948719883425004,180.09084658727073,,,,
180.43904901291293,180.43904901291293,0.5774901078805099,180.43904901291293,,,,
180.60637790617932,180.60637790617932,0.6691011062805987,180.60637790617932,,,,
180.69940795358224,180.69940795358224,0.5969344509159031,180.69940795358224,,,,
180.76398556698987,180.76398556698987,0.5592256039613411,180.76398556698987,,,,
180.06214885707152,180.06214885707152,0.2889621639646035,180.06214885707152,,,,
180.45562748644193,180.45562748644193,0.2465554169435134,180.45562748644193,,,,
180.88369728427728,180.88369728427728,0.46998499510122116,180.88369728427728,,,,
181.4110967799022,181.4110967799022,0.7487879883483006,181.4110967799022,,,,
181.64470820645542,181.64470820645542,0.8733508840357134,181.64470820645542,,,,
184.69281069812928,184.69281069812928,2.4047076628064215,184.69281069812928,,,,
185.24295712161717,185.24295712161717,2.677977190229302,185.24295712161717,,,,
184.64115788845618,184.64115788845618,2.392497279005144,184.64115788845618,,,,
184.22175155520577,184.22175155520577,2.171349804734896,184.22175155520577,,,,
184.96938431268427,184.96938431268427,2.550892793384337,184.96938431268427,,,,
185.24239304651647,185.24239304651647,2.6944218768915253,185.24239304651647,,,,
185.89415471365794,185.89415471365794,3.023342140720365,185.89415471365794,,,,
185.9959471587414,185.9959471587414,3.0764826371702654,185.9959471587414,,,,
185.1867386442603,185.1867386442603,2.6715944723850824,185.1867386442603,,,,
185.67086350210252,185.67086350210252,2.9038169195146724,185.67086350210252,,,,
186.34756549475588,186.34756549475588,3.2331086102221582,186.34756549475588,,,,
186.06095530888427,186.06095530888427,3.0867247117095244,186.06095530888427,,,,
185.8872217008903,185.8872217008903,2.994828161462454,185.8872217008903,,,,
185.76326268290086,185.76326268290086,2.937052138330089,185.76326268290086,,,,
185.74502528050675,185.74502528050675,2.927474843477785,185.74502528050675,,,,
185.83277966335402,185.83277966335402,2.967441110862936,185.83277966335402,,,,
185.86391213292637,185.86391213292637,2.981501003981971,185.86391213292637,,,,
185.30358333457121,185.30358333457121,2.7167077078340633,185.30358333457121,,,,
184.77302129152878,184.77302129152878,2.463508636254039,184.77302129152878,,,,
184.64071538608047,184.64071538608047,2.3950533100770754,184.64071538608047,,,,
184.5986040576024,184.5986040576024,2.372950266471976,184.5986040576024,,,,
184.59654422785604,184.59654422785604,2.379712036980931,184.59654422785604,,,,
184.54885146373343,184.54885146373343,2.359322477195994,184.54885146373343,,,,
184.7091451754165,184.7091451754165,2.4269595114298848,184.7091451754165,,,,
185.53893597133617,185.53893597133617,2.852114327132766,185.53893597133617,,,,
185.8107419143874,185.8107419143874,2.991399745114056,185.8107419143874,,,,
185.14254405931868,185.14254405931868,2.643744054091416,185.14254405931868,,,,
184.79175895393104,184.79175895393104,2.4642109180574963,184.79175895393104,,,,
185.11079726074195,185.11079726074195,2.611788095284729,185.11079726074195,,,,
185.26608205374527,185.26608205374527,2.684604092591612,185.26608205374527,,,,
184.32711860373402,184.32711860373402,2.237922187744062,184.32711860373402,,,,
183.69015891002945,183.69015891002945,1.9278534572175885,183.69015891002945,,,,
183.8289105715195,183.8289105715195,2.004585257944253,183.8289105715195,,,,
183.86764031651188,183.86764031651188,2.0290613327412688,183.86764031651188,,,,
183.82537246132608,183.82537246132608,2.0106105583512757,183.82537246132608,,,,
183.46998367197878,183.46998367197878,1.8298414112640864,183.46998367197878,,,,
182.87212532504907,182.87212532504907,1.5195306329337084,182.87212532504907,,,,
182.31310852103755,182.31310852103755,1.230046384153104,182.31310852103755,,,,
182.18993031603918,182.18993031603918,1.1631754658333462,182.18993031603918,,,,
181.82635083509336,181.82635083509336,0.9699603772078862,181.82635083509336,,,,
181.6115047490672,181.6115047490672,0.8557748771795819,181.6115047490672,,,,
181.5030205885276,181.5030205885276,0.797878330871756,181.5030205885276,,,,
181.9236084032118,181.9236084032118,1.0076202100526586,181.9236084032118,,,,
182.22484103932356,182.22484103932356,1.1543800382079292,182.22484103932356,,,,
182.35425184097852,182.35425184097852,1.2285531201467097,182.35425184097852,,,,
182.39232980671977,182.39232980671977,1.2526716707872265,182.39232980671977,,,,
182.4008556201312,182.4008556201312,1.2589300624926743,182.4008556201312,,,,
182.00239463574445,182.00239463574445,1.0509267450390203,182.00239463574445,,,,
182.27491500434843,182.27491500434843,1.1941572974679941,182.27491500434843,,,,
181.60027645715707,181.60027645715707,0.8466742208835323,181.60027645715707,,,,
181.2993329647772,181.2993329647772,0.6909524299657719,181.2993329647772,,,,
182.03565762585808,182.03565762585808,1.0801315890256413,182.03565762585808,,,,
182.630896715529,182.630896715529,1.389947876781712,182.630896715529,,,,
182.9379321843136,182.9379321843136,1.5481840040242543,182.9379321843136,,,,
183.71198516042253,183.71198516042253,1.9263503389338144,183.71198516042253,,,,
184.24233426217603,184.24233426217603,2.188135185490129,184.24233426217603,,,,
184.598410836675,184.598410836675,2.340268991006042,184.598410836675,,,,
184.90142864722623,184.90142864722623,2.48166151946496,184.90142864722623,,,,
184.965697910463,184.965697910463,2.4564707433064794,184.965697910463,,,,
180.79988337842727,180.79988337842727,0.49985157358216314,180.79988337842727,,,,
179.94798201912587,179.94798201912587,0.8606770903609414,179.94798201912587,,,,
179.9529806531467,179.9529806531467,0.4041326560365103,179.9529806531467,,,,
179.91760623173198,179.91760623173198,0.24846330512221435,179.91760623173198,,,,
180.0253185831518,180.0253185831518,0.22063857409753973,180.0253185831518,,,,
180.21263376420222,180.21263376420222,0.24622174511484635,180.21263376420222,,,,
181.43005841519306,181.43005841519306,0.745909242812461,181.43005841519306,,,,
181.85924141664222,181.85924141664222,0.9655338335284671,181.85924141664222,,,,
184.26967584311285,184.26967584311285,2.181772284148746,184.26967584311285,,,,
184.35506163824917,184.35506163824917,2.2254684477914206,184.35506163824917,,,,
185.85853454849598,185.85853454849598,2.9406125665985634,185.85853454849598,,,,
186.17405738368726,186.17405738368726,3.094556294231064,186.17405738368726,,,,
186.32315015551416,186.32315015551416,3.178755842410256,186.32315015551416,,,,
186.49918660887076,186.49918660887076,3.2632713139682985,186.49918660887076,,,,
186.45592666905708,186.45592666905708,3.2450914361890604,186.45592666905708,,,,
187.11930289837744,187.11930289837744,3.5910858145251012,187.11930289837744,,,,
187.44106493104067,187.44106493104067,3.766229440207337,187.44106493104067,,,,
187.24613505820736,187.24613505820736,3.668543083648152,187.24613505820736,,,,
189.78840973630236,189.78840973630236,4.743467482836881,189.78840973630236,,,,
192.51083272416844,192.51083272416844,5.253397897367952,192.51083272416844,,,,
190.79765458047154,190.79765458047154,4.686085253188823,190.79765458047154,,,,
189.5397498234455,189.5397498234455,4.41230772453096,189.5397498234455,,,,
187.7879870552958,187.7879870552958,3.7586955316999737,187.7879870552958,,,,
186.6564525049162,186.6564525049162,3.3348264438550648,186.6564525049162,,,,
186.46975708328836,186.46975708328836,3.2987939554223575,186.46975708328836,,,,
185.23987497150753,185.23987497150753,2.7142739564880918,185.23987497150753,,,,
184.6636841560179,184.6636841560179,2.4040848849895635,184.6636841560179,,,,
184.84889908979062,184.84889908979062,2.4931505810404246,184.84889908979062,,,,
184.80452543173047,184.80452543173047,2.4629840187339362,184.80452543173047,,,,
184.82113908571432,184.82113908571432,2.480757779321265,184.82113908571432,,,,
184.53963086397962,184.53963086397962,2.3561839984032913,184.53963086397962,,,,
184.73611450967564,184.73611450967564,2.4551805697852003,184.73611450967564,,,,
184.19237304270118,184.19237304270118,2.182240443708491,184.19237304270118,,,,
183.86766509195527,183.86766509195527,2.016784711743625,183.86766509195527,,,,
184.25548747121115,184.25548747121115,2.214053875103252,184.25548747121115,,,,
184.8461613532216,184.8461613532216,2.4930731487768876,184.8461613532216,,,,
185.20776441146177,185.20776441146177,2.6517288418225924,185.20776441146177,,,,
185.076531967998,185.076531967998,2.567963506210962,185.076531967998,,,,
184.9685369082343,184.9685369082343,2.5123317870028714,184.9685369082343,,,,
182.30071905434505,182.30071905434505,1.1774682653428734,182.30071905434505,,,,
181.66204769423024,181.66204769423024,0.8544585862026629,181.66204769423024,,,,
181.60804570994387,181.60804570994387,0.8295614302466339,181.60804570994387,,,,
182.47573232295088,182.47573232295088,1.2714323174762554,182.47573232295088,,,,
182.7640189372557,182.7640189372557,1.4125344701171216,182.7640189372557,,,,
183.95210553841312,183.95210553841312,1.9983290506072227,183.95210553841312,,,,
183.81400331599048,183.81400331599048,1.9251112046353118,183.81400331599048,,,,
184.0445350957055,184.0445350957055,2.0190196924642487,184.0445350957055,,,,
184.761233323689,184.761233323689,2.361977333467532,184.761233323689,,,,
185.82914713449225,185.82914713449225,2.8784171559120684,185.82914713449225,,,,
184.8090394557361,184.8090394557361,2.3811670583517035,184.8090394557361,,,,
184.28377425181736,184.28377425181736,2.1197421583728318,184.28377425181736,,,,
184.14607096154748,184.14607096154748,2.05618303846334,184.14607096154748,,,,
184.96535062614493,184.96535062614493,2.447718763272525,184.96535062614493,,,,
185.28762783163563,185.28762783163563,2.5992351067011916,185.28762783163563,,,,
185.24053400897452,185.24053400897452,2.5856713920527827,185.24053400897452,,,,
185.04802025252846,185.04802025252846,2.503033851702137,185.04802025252846,,,,
183.06603423037154,183.06603423037154,1.5654880596737326,183.06603423037154,,,,
181.33313947935727,181.33313947935727,0.691979844480634,181.33313947935727,,,,
180.56470564803396,180.56470564803396,0.29566197083404394,180.56470564803396,,,,
180.0383378109889,180.0383378109889,0.3563321191829631,180.0383378109889,,,,
179.82073942238839,179.82073942238839,0.4134679734991583,179.82073942238839,,,,
179.69460988028166,179.69460988028166,0.24644870666757043,179.69460988028166,,,,
179.6228051477492,179.6228051477492,0.19666849162993918,179.6228051477492,,,,
179.55357711712082,179.55357711712082,0.2331096685604963,179.55357711712082,,,,
179.58868135566576,179.58868135566576,0.43589315418711955,179.58868135566576,,,,
179.77538779527956,179.77538779527956,0.416285101274953,179.77538779527956,,,,
179.91045111354111,179.91045111354111,0.40285818801912987,179.91045111354111,,,,
179.97269729832524,179.97269729832524,0.42653710298671826,179.97269729832524,,,,
180.07066224440757,180.07066224440757,0.43138560031295814,180.07066224440757,,,,
180.13074515882175,180.13074515882175,0.40788559435823224,180.13074515882175,,,,
180.17120101314714,180.17120101314714,0.3956173157946895,180.17120101314714,,,,
179.95332930324557,179.95332930324557,0.4631434421999163,179.95332930324557,,,,
179.805024755597,179.805024755597,0.4732414408627655,179.805024755597,,,,
180.13127790521082,180.13127790521082,0.2935650250416338,180.13127790521082,,,,
180.24786285804248,180.24786285804248,0.22927647979034227,180.24786285804248,,,,
180.36984610834526,180.36984610834526,0.19268396699022194,180.36984610834526,,,,
180.43478933109915,180.43478933109915,0.22598632873482097,180.43478933109915,,,,
180.4191743691982,180.4191743691982,0.21805233667981033,180.4191743691982,,,,
180.4149657555508,180.4149657555508,0.21606752672353213,180.4149657555508,,,,
180.43468565279642,180.43468565279642,0.2263955786545844,180.43468565279642,,,,
180.4370797116172,180.4370797116172,0.22763254737678007,180.4370797116172,,,,
180.46832933064132,180.46832933064132,0.24391179581870917,180.46832933064132,,,,
180.69326672590435,180.69326672590435,0.3609441241328398,180.69326672590435,,,,
180.79053473335938,180.79053473335938,0.41172073957960975,180.79053473335938,,,,
180.65240041948883,180.65240041948883,0.34086386089973697,180.65240041948883,,,,
180.48667761357672,180.48667761357672,0.25464301121762933,180.48667761357672,,,,
180.42630754781288,180.42630754781288,0.22306035811479552,180.42630754781288,,,,
180.27810834292853,180.27810834292853,0.1456396910308257,180.27810834292853,,,,
180.17475750289526,180.17475750289526,0.09157254639565168,180.17475750289526,,,,
180.15467747983197,180.15467747983197,0.08130116709716328,180.15467747983197,,,,
180.1510303806121,180.1510303806121,0.07943564759932893,180.1510303806121,,,,
180.14635603536823,180.14635603536823,0.1566413416039357,180.14635603536823,,,,
180.1392449416942,180.1392449416942,0.21954438756193873,180.1392449416942,,,,
180.35786049428398,180.35786049428398,0.18780693122874897,180.35786049428398,,,,
180.48533569778792,180.48533569778792,0.254239126935934,180.48533569778792,,,,
180.58866553893108,180.58866553893108,0.3082442351071202,180.58866553893108,,,,
180.6524914806181,180.6524914806181,0.3416367726573559,180.6524914806181,,,,
180.64649133942197,180.64649133942197,0.33850840664484605,180.64649133942197,,,,
180.80393838667396,180.80393838667396,0.42027483402090815,180.80393838667396,,,,
180.82874578423642,180.82874578423642,0.43283923735184776,180.82874578423642,,,,
180.3525950679994,180.3525950679994,0.18458114635521305,180.3525950679994,,,,
180.0977593141966,180.0977593141966,0.0512938629682687,180.0977593141966,,,,
181.02578798164961,181.02578798164961,0.5313864263304254,181.02578798164961,,,,
181.56847623349773,181.56847623349773,0.80805818317551,181.56847623349773,,,,
181.7620880154954,181.7620880154954,0.9089800852571732,181.7620880154954,,,,
181.9502647500673,181.9502647500673,1.005460821524998,181.9502647500673,,,,
182.10369520290692,182.10369520290692,1.083657454791188,182.10369520290692,,,,
181.72590710642172,181.72590710642172,0.8944017552550294,181.72590710642172,,,,
181.50558576023087,181.50558576023087,0.783246186929602,181.50558576023087,,,,
181.1588213971013,181.1588213971013,0.603779435512908,181.1588213971013,,,,
180.9206379520341,180.9206379520341,0.47988008265043924,180.9206379520341,,,,
180.65854599912143,180.65854599912143,0.3437090370824569,180.65854599912143,,,,
180.54336224873015,180.54336224873015,0.28399259517890646,180.54336224873015,,,,
180.82429062705557,180.82429062705557,0.42879314657228457,180.82429062705557,,,,
180.98084372052216,180.98084372052216,0.5090800553796982,180.98084372052216,,,,
181.92591454917277,181.92591454917277,0.9925626598866948,181.92591454917277,,,,
182.42153490003835,182.42153490003835,1.2411926040702244,182.42153490003835,,,,
181.54519278424328,181.54519278424328,0.7975641670022242,181.54519278424328,,,,
181.3544686626176,181.3544686626176,0.7019861805527525,181.3544686626176,,,,
181.25777381237785,181.25777381237785,0.652625819810216,181.25777381237785,,,,
181.18253604171198,181.18253604171198,0.6127787369091122,181.18253604171198,,,,
181.11696932396546,181.11696932396546,0.5780914898351128,181.11696932396546,,,,
181.0163540998712,181.0163540998712,0.5303769914399515,181.0163540998712,,,,
180.9593558341291,180.9593558341291,0.5018784898199654,180.9593558341291,,,,
180.55839225826094,180.55839225826094,0.2920902667376527,180.55839225826094,,,,
180.3304025015257,180.3304025015257,0.1728242505737712,180.3304025015257,,,,
180.15077085406273,180.15077085406273,0.07870351403059286,180.15077085406273,,,,
180.0465715146782,180.0465715146782,0.024246484681452424,180.0465715146782,,,,
180.05758357869996,180.05758357869996,0.030001784860799054,180.05758357869996,,,,
180.10794845193124,180.10794845193124,0.06319857117946248,180.10794845193124,,,,
180.205124824338,180.205124824338,0.12357925154030862,180.205124824338,,,,
180.15697711262447,180.15697711262447,0.1066767043472228,180.15697711262447,,,,
180.1339668930953,180.1339668930953,0.09623783852338894,180.1339668930953,,,,
180.13677179665254,180.13677179665254,0.15968510928823298,180.13677179665254,,,,
180.0469765271963,180.0469765271963,0.21155612473790777,180.0469765271963,,,,
179.9466324945477,179.9466324945477,0.24992022000977376,179.9466324945477,,,,
180.08505370804423,180.08505370804423,0.28131523217763976,180.08505370804423,,,,
180.22248318789883,180.22248318789883,0.33211176806120857,180.22248318789883,,,,
180.1649121740974,180.1649121740974,0.3063465773925515,180.1649121740974,,,,
180.11946377255578,180.11946377255578,0.2885649656108007,180.11946377255578,,,,
180.12217774853156,180.12217774853156,0.3190044110079215,180.12217774853156,,,,
180.13086323164504,180.13086323164504,0.3399113665481981,180.13086323164504,,,,
180.13282833890693,180.13282833890693,0.3537430190215247,180.13282833890693,,,,
180.00222739846924,180.00222739846924,0.33321844721741245,180.00222739846924,,,,
179.96062802125783,179.96062802125783,0.33369343182067956,179.96062802125783,,,,
179.6304833153913,179.6304833153913,0.2988983234677104,179.6304833153913,,,,
179.36796177586524,179.36796177586524,0.33122168962384346,179.36796177586524,,,,
179.23919931772872,179.23919931772872,0.39822862840150475,179.23919931772872,,,,
179.10767022500423,179.10767022500423,0.4665196596471787,179.10767022500423,,,,
179.00714807650868,179.00714807650868,0.518541284229703,179.00714807650868,,,,
178.97374552213182,178.97374552213182,0.5393109497955515,178.97374552213182,,,,
179.00264440489514,179.00264440489514,0.525009812620961,179.00264440489514,,,,
179.07156258016084,179.07156258016084,0.48683013183993135,179.07156258016084,,,,
179.19198679841526,179.19198679841526,0.42282809433818913,179.19198679841526,,,,
179.12140312813438,179.12140312813438,0.45999244757153845,179.12140312813438,,,,
179.08341332044932,179.08341332044932,0.4799211832295492,179.08341332044932,,,,
179.08196328991755,179.08196328991755,0.4806314751941533,179.08196328991755,,,,
179.26716317848275,179.26716317848275,0.38372772842229275,179.26716317848275,,,,
179.48531730879512,179.48531730879512,0.4993061195205614,179.48531730879512,,,,
179.77826131970517,179.77826131970517,0.6875503942834238,179.77826131970517,,,,
179.79899170538312,179.79899170538312,0.6516748538278441,179.79899170538312,,,,
179.81661082086393,179.81661082086393,0.6213624319536155,179.81661082086393,,,,
179.65158122825522,179.65158122825522,0.5424044344726943,179.65158122825522,,,,
179.57105763967581,179.57105763967581,0.45234654855980666,179.57105763967581,,,,
179.65752682365076,179.65752682365076,0.3839343021757704,179.65752682365076,,,,
179.70625716959285,179.70625716959285,0.3372972760175141,179.70625716959285,,,,
179.73811386253004,179.73811386253004,0.3017302899895375,179.73811386253004,,,,
179.78678234570543,179.78678234570543,0.288527704068764,179.78678234570543,,,,
179.79714103088787,179.79714103088787,0.28046110026334026,179.79714103088787,,,,
179.5858561958538,179.5858561958538,0.2533017475169975,179.5858561958538,,,,
179.49990907985887,179.49990907985887,0.25796050653512215,179.49990907985887,,,,
179.49716454044017,179.49716454044017,0.2594013969710609,179.49716454044017,,,,
179.5516626315444,179.5516626315444,0.26503802917634783,179.5516626315444,,,,
179.60303649879614,179.60303649879614,0.2291841398771661,179.60303649879614,,,,
179.57151157570905,179.57151157570905,0.22091698658520817,179.57151157570905,,,,
179.55323835672635,179.55323835672635,0.23049980845550602,179.55323835672635,,,,
179.62870162976978,179.62870162976978,0.19130517102255562,179.62870162976978,,,,
179.70109360230288,179.70109360230288,0.15385758800567018,179.70109360230288,,,,
179.61259604630473,179.61259604630473,0.19963542856881597,179.61259604630473,,,,
179.53584477836424,179.53584477836424,0.2392219752304766,179.53584477836424,,,,
179.51342961329516,179.51342961329516,0.2508116264121571,179.51342961329516,,,,
179.53923423572704,179.53923423572704,0.23742820736348183,179.53923423572704,,,,
179.5619544458188,179.5619544458188,0.22573922011517306,179.5619544458188,,,,
179.72527811624798,179.72527811624798,0.14154138345142228,179.72527811624798,,,,
180.29536285714696,180.29536285714696,0.2640259706814878,180.29536285714696,,,,
180.56816011265806,180.56816011265806,0.3277624785640726,180.56816011265806,,,,
180.554042626737,180.554042626737,0.31652934074535655,180.554042626737,,,,
180.54939615445358,180.54939615445358,0.3084922464933861,180.54939615445358,,,,
180.76498785923482,180.76498785923482,0.38048509572560435,180.76498785923482,,,,
180.91383940035217,180.91383940035217,0.45354293974168103,180.91383940035217,,,,
180.72677477073614,180.72677477073614,0.3801652344695996,180.72677477073614,,,,
180.64103117250716,180.64103117250716,0.3586863458012259,180.64103117250716,,,,
180.39476916142883,180.39476916142883,0.2610183698900634,180.39476916142883,,,,
180.18223216635613,180.18223216635613,0.1698529388369282,180.18223216635613,,,,
180.15063737084523,180.15063737084523,0.14198920453434694,180.15063737084523,,,,
180.12136544202303,180.12136544202303,0.11751823334404704,180.12136544202303,,,,
180.09484542049117,180.09484542049117,0.13297346955836425,180.09484542049117,,,,
179.9916885911926,179.9916885911926,0.1477224440181211,179.9916885911926,,,,
181.41568599454754,181.41568599454754,0.9402631157572817,181.41568599454754,,,,
181.95408246090008,181.95408246090008,1.444843150296439,181.95408246090008,,,,
182.1609640458438,182.1609640458438,1.6528335107106333,182.1609640458438,,,,
182.21192993713035,182.21192993713035,1.7490622992537008,182.21192993713035,,,,
179.95674947414963,179.95674947414963,3.010625495938841,179.95674947414963,,,,
179.19541139718856,179.19541139718856,2.180929143983253,179.19541139718856,,,,
178.64723644802228,178.64723644802228,1.6880623889529316,178.64723644802228,,,,
178.4689027504429,178.4689027504429,1.4695398582776364,178.4689027504429,,,,
177.8914120781826,177.8914120781826,1.1169620522215378,177.8914120781826,,,,
178.0638899006886,178.0638899006886,0.9443894101583776,178.0638899006886,,,,
178.13263839624892,178.13263839624892,0.9183276680578466,178.13263839624892,,,,
178.46443934394836,178.46443934394836,0.7692881415926006,178.46443934394836,,,,
178.71823043539626,178.71823043539626,0.6482574083530708,178.71823043539626,,,,
178.7636554697775,178.7636554697775,0.6247322186487283,178.7636554697775,,,,
179.40988744838876,179.40988744838876,0.6276236235472257,179.40988744838876,,,,
179.7975660675152,179.7975660675152,0.6510163216194971,179.7975660675152,,,,
179.84626257839008,179.84626257839008,0.6270069638188331,179.84626257839008,,,,
179.93629122336097,179.93629122336097,0.611183341024266,179.93629122336097,,,,
179.84092594892283,179.84092594892283,0.4958847882103832,179.84092594892283,,,,
179.5744810008514,179.5744810008514,0.2516404475160596,179.5744810008514,,,,
179.40939457496088,179.40939457496088,0.2995353082352322,179.40939457496088,,,,
179.35394151681405,179.35394151681405,0.3276623497106033,179.35394151681405,,,,
179.33403049946295,179.33403049946295,0.33777964976166147,179.33403049946295,,,,
180.67823962102244,180.67823962102244,0.690581743306808,180.67823962102244,,,,
179.75930370509033,179.75930370509033,0.24309902750712234,179.75930370509033,,,,
179.42943775290857,179.42943775290857,0.291082825230927,179.42943775290857,,,,
179.47402301329254,179.47402301329254,0.26820478578104584,179.47402301329254,,,,
179.49449267911618,179.49449267911618,0.2567569572365431,179.49449267911618,,,,
179.4918812512698,179.4918812512698,0.25716414094665363,179.4918812512698,,,,
179.41407971253255,179.41407971253255,0.2960292648712425,179.41407971253255,,,,
179.36024263194514,179.36024263194514,0.32284333074580535,179.36024263194514,,,,
180.43606608127203,180.43606608127203,0.7562113520025547,180.43606608127203,,,,
180.32030441982602,180.32030441982602,0.7631333123078242,180.32030441982602,,,,
180.52771158900975,180.52771158900975,0.872446343846242,180.52771158900975,,,,
180.65564798044846,180.65564798044846,0.9169890672017962,180.65564798044846,,,,
180.55667263225934,180.55667263225934,0.8600937140104707,180.55667263225934,,,,
180.44635224056339,180.44635224056339,0.7880115536670337,180.44635224056339,,,,
179.87774957567126,179.87774957567126,0.29347305830495485,179.87774957567126,,,,
179.8580173909732,179.8580173909732,0.21406908948679648,179.8580173909732,,,,
179.85257484203848,179.85257484203848,0.16384389039035585,179.85257484203848,,,,
179.62237289668138,179.62237289668138,0.19542022940664833,179.62237289668138,,,,
179.50248782921545,179.50248782921545,0.2578327617376864,179.50248782921545,,,,
179.97739574025346,179.97739574025346,0.1116394010017498,179.97739574025346,,,,
180.21891557291295,180.21891557291295,0.11053426365709194,180.21891557291295,,,,
180.27766991302946,180.27766991302946,0.1406904740183722,180.27766991302946,,,,
180.4837061896156,180.4837061896156,0.2428817256339291,180.4837061896156,,,,
179.97630125506913,179.97630125506913,0.44452325368442647,179.97630125506913,,,,
179.69156114637053,179.69156114637053,0.5997865665814608,179.69156114637053,,,,
179.9634345425115,179.9634345425115,0.6771299085803396,179.9634345425115,,,,
180.165337719692,180.165337719692,0.7494810000343504,180.165337719692,,,,
179.91597388459485,179.91597388459485,0.8427259066736916,179.91597388459485,,,,
179.7748973651826,179.7748973651826,0.8743512920707628,179.7748973651826,,,,
179.79816418105702,179.79816418105702,0.7423185217101413,179.79816418105702,,,,
179.9835688416565,179.9835688416565,0.6736030073456121,179.9835688416565,,,,
180.0512124290898,180.0512124290898,0.6328124572215336,180.0512124290898,,,,
180.12741893915057,180.12741893915057,0.625978866821508,180.12741893915057,,,,
179.89221235688734,179.89221235688734,0.5730994570931853,179.89221235688734,,,,
179.77300890210455,179.77300890210455,0.5160949249862082,179.77300890210455,,,,
179.93670314942207,179.93670314942207,0.46985261120309285,179.93670314942207,,,,
180.07595175258024,180.07595175258024,0.43832147400218646,180.07595175258024,,,,
179.76490698304394,179.76490698304394,0.3194731724968634,179.76490698304394,,,,
179.6981228362024,179.6981228362024,0.2971536901317123,179.6981228362024,,,,
179.8533220230688,179.8533220230688,0.25329430629200267,179.8533220230688,,,,
179.91269460284354,179.91269460284354,0.22850702363866937,179.91269460284354,,,,
179.8572733859967,179.8572733859967,0.2318050060108967,179.8572733859967,,,,
179.8135473169838,179.8135473169838,0.2303241137833396,179.8135473169838,,,,
179.94394511293189,179.94394511293189,0.29384495132574007,179.94394511293189,,,,
180.0296955666883,180.0296955666883,0.3011116231280371,180.0296955666883,,,,
180.3533556759142,180.3533556759142,0.559866850017807,180.3533556759142,,,,
180.55394596701876,180.55394596701876,0.8012019435290884,180.55394596701876,,,,
179.578422477076,179.578422477076,0.44050439124702845,179.578422477076,,,,
179.22842658937998,179.22842658937998,0.3910105062045453,179.22842658937998,,,,
179.28431886930943,179.28431886930943,0.3640474792807369,179.28431886930943,,,,
179.21543079712862,179.21543079712862,0.40196307323512304,179.21543079712862,,,,
179.36429917428086,179.36429917428086,0.32622237001429055,179.36429917428086,,,,
179.41841613844608,179.41841613844608,0.29888504826728995,179.41841613844608,,,,
179.7280929156988,179.7280929156988,0.13900492345308255,179.7280929156988,,,,
179.97441216883118,179.97441216883118,0.07229965941225462,179.97441216883118,,,,
180.06725869297014,180.06725869297014,0.06333050730047105,180.06725869297014,,,,
180.10729797047185,180.10729797047185,0.05906339652318703,180.10729797047185,,,,
180.25269110252754,180.25269110252754,0.1291260946013018,180.25269110252754,,,,
180.35093631108282,180.35093631108282,0.17925947511605234,180.35093631108282,,,,
180.27070642844262,180.27070642844262,0.1387707067015032,180.27070642844262,,,,
180.23570047464366,180.23570047464366,0.1700304675468369,180.23570047464366,,,,
180.14385198330444,180.14385198330444,0.22832835025818643,180.14385198330444,,,,
179.91458319063386,179.91458319063386,0.17050063321056388,179.91458319063386,,,,
179.76069263213375,179.76069263213375,0.1324110316876906,179.76069263213375,,,,
179.27240030371917,179.27240030371917,0.37985817221482915,179.27240030371917,,,,
179.23711789951028,179.23711789951028,0.3996875624250066,179.23711789951028,,,,
179.30568501666824,179.30568501666824,0.36343926589982367,179.30568501666824,,,,
179.3093026922339,179.3093026922339,0.36155979080977346,179.3093026922339,,,,
179.76224446199842,179.76224446199842,0.16125813906992773,179.76224446199842,,,,
180.13378638708303,180.13378638708303,0.18516760094328233,180.13378638708303,,,,
180.12041070476513,180.12041070476513,0.20033374813631266,180.12041070476513,,,,
180.12958831995513,180.12958831995513,0.2072735999035773,180.12958831995513,,,,
179.86815020395449,179.86815020395449,0.1874546745499025,179.86815020395449,,,,
179.82873506516262,179.82873506516262,0.19478371039718134,179.82873506516262,,,,
179.7940240642949,179.7940240642949,0.19877238749684123,179.7940240642949,,,,
179.23586239342387,179.23586239342387,0.3999734285046333,179.23586239342387,,,,
178.96150745150373,178.96150745150373,0.5439073424210695,178.96150745150373,,,,
179.03323466629126,179.03323466629126,0.49975330712579463,179.03323466629126,,,,
179.5776764128173,179.5776764128173,0.21738993081394425,179.5776764128173,,,,
179.57846685917627,179.57846685917627,0.21754349335956105,179.57846685917627,,,,
179.51096725349498,179.51096725349498,0.2527545466466175,179.51096725349498,,,,
179.31132678038142,179.31132678038142,0.35730193943851396,179.31132678038142,,,,
179.1586393899697,179.1586393899697,0.43756570828867025,179.1586393899697,,,,
179.10878349416822,179.10878349416822,0.4637057983868722,179.10878349416822,,,,
179.12518255550845,179.12518255550845,0.455658100073046,179.12518255550845,,,,
179.0141654141408,179.0141654141408,0.5141997543868979,179.0141654141408,,,,
178.9287865063268,178.9287865063268,0.5591902622849383,178.9287865063268,,,,
179.3738005061496,179.3738005061496,0.3271845073903221,179.3738005061496,,,,
179.07857217096443,179.07857217096443,0.4809328081356039,179.07857217096443,,,,
178.836879114971,178.836879114971,0.6095819252509933,178.836879114971,,,,
178.69337610276582,178.69337610276582,0.6857675908549958,178.69337610276582,,,,
178.95480733823257,178.95480733823257,0.5478372496477681,178.95480733823257,,,,
179.04448741303443,179.04448741303443,0.5001276809220069,179.04448741303443,,,,
178.82318660511496,178.82318660511496,0.608557605779628,178.82318660511496,,,,
179.10703979958862,179.10703979958862,0.44801990267498126,179.10703979958862,,,,
179.3288696505754,179.3288696505754,0.37389547345141255,179.3288696505754,,,,
179.29164327760907,179.29164327760907,0.3586003194730748,179.29164327760907,,,,
179.24808729419703,179.24808729419703,0.3870363721514795,179.24808729419703,,,,
179.02105716288906,179.02105716288906,0.5065745792498477,179.02105716288906,,,,
178.9447407493867,178.9447407493867,0.5480730908818425,178.9447407493867,,,,
178.79664138674764,178.79664138674764,0.6267770245593491,178.79664138674764,,,,
179.5607051661566,179.5607051661566,0.24231373198876602,179.5607051661566,,,,
179.54831662409174,179.54831662409174,0.2359667194777728,179.54831662409174,,,,
179.49356791065458,179.49356791065458,0.26543237041096635,179.49356791065458,,,,
179.44710833375657,179.44710833375657,0.2902665586555084,179.44710833375657,,,,
179.47546887696325,179.47546887696325,0.27555786064382587,179.47546887696325,,,,
179.27645203628992,179.27645203628992,0.3801603764331991,179.27645203628992,,,,
179.12360185143143,179.12360185143143,0.460450753721406,179.12360185143143,,,,
179.09897836369328,179.09897836369328,0.47402256918426355,179.09897836369328,,,,
179.20081600081727,179.20081600081727,0.4204968425688206,179.20081600081727,,,,
179.21075667029942,179.21075667029942,0.4151951538966607,179.21075667029942,,,,
178.850128547929,178.850128547929,0.6073971875471194,178.850128547929,,,,
178.6698262336159,178.6698262336159,0.7032086346971238,178.6698262336159,,,,
178.67571848303055,178.67571848303055,0.7000447419807401,178.67571848303055,,,,
178.673992529433,178.673992529433,0.7007112291169758,178.673992529433,,,,
178.67069290770706,178.67069290770706,0.7021935432962905,178.67069290770706,,,,
179.05894619273124,179.05894619273124,0.49457453429802456,179.05894619273124,,,,
179.3006553359679,179.3006553359679,0.3670886918831032,179.3006553359679,,,,
179.3726860606683,179.3726860606683,0.3290209099960163,179.3726860606683,,,,
179.41356237622728,179.41356237622728,0.307707276387687,179.41356237622728,,,,
179.45477834019724,179.45477834019724,0.2861905853832577,179.45477834019724,,,,
179.34907837930285,179.34907837930285,0.34059178829976555,179.34907837930285,,,,
179.16233021230715,179.16233021230715,0.4398895892169761,179.16233021230715,,,,
178.99544101720443,178.99544101720443,0.5284082196444133,178.99544101720443,,,,
178.9969521197056,178.9969521197056,0.5278847189586195,178.9969521197056,,,,
178.98753163912207,178.98753163912207,0.5329706609398788,178.98753163912207,,,,
178.90184233668379,178.90184233668379,0.5768711523086238,178.90184233668379,,,,
178.86577714702162,178.86577714702162,0.5947993123474236,178.86577714702162,,,,
178.73397149250252,178.73397149250252,0.6640447932919338,178.73397149250252,,,,
178.63149940113328,178.63149940113328,0.7179091047807354,178.63149940113328,,,,
178.63014706298102,178.63014706298102,0.7184161310412407,178.63014706298102,,,,
179.077742244185,179.077742244185,0.48181145033816597,179.077742244185,,,,
179.36034307903574,179.36034307903574,0.3336392314253246,179.36034307903574,,,,
179.45726333911097,179.45726333911097,0.28309803795761074,179.45726333911097,,,,
179.9438363025688,179.9438363025688,0.051769377651411125,179.9438363025688,,,,
181.23407282840708,181.23407282840708,0.915964387356881,181.23407282840708,,,,
181.4052238869113,181.4052238869113,0.9285814551625513,181.4052238869113,,,,
181.07832238798017,181.07832238798017,0.6847909436757695,181.07832238798017,,,,
181.24131787560398,181.24131787560398,0.6688682546018108,181.24131787560398,,,,
181.49611788454246,181.49611788454246,0.8343820900039832,181.49611788454246,,,,
181.45687230931054,181.45687230931054,0.8252662908224729,181.45687230931054,,,,
181.51070220273022,181.51070220273022,0.9100538579706492,181.51070220273022,,,,
181.26643272023284,181.26643272023284,0.8131234930532272,181.26643272023284,,,,
180.81636647155165,180.81636647155165,0.5757838268199216,180.81636647155165,,,,
180.15521419215776,180.15521419215776,0.1339987164326378,180.15521419215776,,,,
180.20802169043776,180.20802169043776,0.10744269080085962,180.20802169043776,,,,
180.29291538186482,180.29291538186482,0.15923306972427034,180.29291538186482,,,,
180.6469203323033,180.6469203323033,0.3976639188021187,180.6469203323033,,,,
180.60667083928723,180.60667083928723,0.46333118258150363,180.60667083928723,,,,
179.59053824272962,179.59053824272962,0.227002397598127,179.59053824272962,,,,
179.15295139645946,179.15295139645946,0.44074454042314826,179.15295139645946,,,,
179.1949293102429,179.1949293102429,0.41881028016176847,179.1949293102429,,,,
179.23002359121972,179.23002359121972,0.40079326125662657,179.23002359121972,,,,
179.2362691031385,179.2362691031385,0.39768003006884944,179.2362691031385,,,,
179.02221838887004,179.02221838887004,0.5089700268310433,179.02221838887004,,,,
178.9476068693009,178.9476068693009,0.5476822739926601,178.9476068693009,,,,
179.17193749734514,179.17193749734514,0.42949788616114637,179.17193749734514,,,,
179.1786330676239,179.1786330676239,0.425783616831187,179.1786330676239,,,,
179.16379589615968,179.16379589615968,0.43289912051265944,179.16379589615968,,,,
179.16008706791604,179.16008706791604,0.4343869500027727,179.16008706791604,,,,
179.5895677742053,179.5895677742053,0.256234763826641,179.5895677742053,,,,
179.55427223112883,179.55427223112883,0.23257394789627867,179.55427223112883,,,,
179.83070677479736,179.83070677479736,0.35633570361966194,179.83070677479736,,,,
180.02236284534624,180.02236284534624,0.4346418808340764,180.02236284534624,,,,
179.83617967230714,179.83617967230714,0.3904924567934389,179.83617967230714,,,,
179.8185142319968,179.8185142319968,0.38546128083535003,179.8185142319968,,,,
179.80227096806513,179.80227096806513,0.38036890478676016,179.80227096806513,,,,
179.4449389974376,179.4449389974376,0.28731483635698973,179.4449389974376,,,,
179.3076960234498,179.3076960234498,0.3586137752862036,179.3076960234498,,,,
179.3880252769191,179.3880252769191,0.31676446320642565,179.3880252769191,,,,
179.43875536163728,179.43875536163728,0.29039672850664977,179.43875536163728,,,,
179.55500604273874,179.55500604273874,0.4333813016395529,179.55500604273874,,,,
179.59741411439907,179.59741411439907,0.5251876480138002,179.59741411439907,,,,
179.4763759562465,179.4763759562465,0.46413267324500573,179.4763759562465,,,,
179.42347753394367,179.42347753394367,0.423384829198991,179.42347753394367,,,,
179.39900136425672,179.39900136425672,0.3939261624559748,179.39900136425672,,,,
178.6254243345578,178.6254243345578,0.7145529886911,178.6254243345578,,,,
178.5100901094698,178.5100901094698,0.7755145377247896,178.5100901094698,,,,
178.4849295036905,178.4849295036905,0.7893835628524618,178.4849295036905,,,,
178.73371215092646,178.73371215092646,0.6589520732693576,178.73371215092646,,,,
178.85677625594673,178.85677625594673,0.5944040882812804,178.85677625594673,,,,
178.85501448304166,178.85501448304166,0.5954273539213404,178.85501448304166,,,,
178.89110846453954,178.89110846453954,0.5762965646620269,178.89110846453954,,,,
178.9377860003625,178.9377860003625,0.5516436016508851,178.9377860003625,,,,
179.2174774088154,179.2174774088154,0.4065948970155126,179.2174774088154,,,,
179.37013609650174,179.37013609650174,0.34284029436627067,179.37013609650174,,,,
179.4708900499773,179.4708900499773,0.3538739173234824,179.4708900499773,,,,
179.55103863929995,179.55103863929995,0.3591388389175913,179.55103863929995,,,,
179.39128427763814,179.39128427763814,0.33830332996562024,179.39128427763814,,,,
179.18092834879758,179.18092834879758,0.4253805407276029,179.18092834879758,,,,
179.23110012576382,179.23110012576382,0.39911126200316943,179.23110012576382,,,,
179.273777875997,179.273777875997,0.3767683069633747,179.273777875997,,,,
179.14490469948046,179.14490469948046,0.44405060337672564,179.14490469948046,,,,
179.0490106584458,179.0490106584458,0.49440699200987137,179.0490106584458,,,,
179.2275211897864,179.2275211897864,0.40138854860884443,179.2275211897864,,,,
179.31742834571128,179.31742834571128,0.37737691374763715,179.31742834571128,,,,
179.44413801099438,179.44413801099438,0.4327159938304302,179.44413801099438,,,,
179.47084957312387,179.47084957312387,0.4251489681702712,179.47084957312387,,,,
179.48709900383005,179.48709900383005,0.4179794198024026,179.48709900383005,,,,
179.35657907975616,179.35657907975616,0.3666461375008594,179.35657907975616,,,,
179.2617518793351,179.2617518793351,0.3837461771037981,179.2617518793351,,,,
179.05746504024955,179.05746504024955,0.48992811487966603,179.05746504024955,,,,
178.9265797273336,178.9265797273336,0.5580010080456772,178.9265797273336,,,,
179.09582753774794,179.09582753774794,0.4699653950086938,179.09582753774794,,,,
179.11486623771745,179.11486623771745,0.46006941530767914,179.11486623771745,,,,
179.20397954125383,179.20397954125383,0.41297561642440467,179.20397954125383,,,,
179.26513943919514,179.26513943919514,0.38076946497949504,179.26513943919514,,,,
179.0514694621986,179.0514694621986,0.4916104017750015,179.0514694621986,,,,
178.92886203552897,178.92886203552897,0.5552882509364364,178.92886203552897,,,,
178.9427294867373,178.9427294867373,0.5482021314102907,178.9427294867373,,,,
178.96059696297786,178.96059696297786,0.5390340050039302,178.96059696297786,,,,
179.02170728287552,179.02170728287552,0.5069389541035294,179.02170728287552,,,,
179.0151404494356,179.0151404494356,0.5104424117893455,179.0151404494356,,,,
179.08509052623162,179.08509052623162,0.47453681707583345,179.08509052623162,,,,
179.15924790472172,179.15924790472172,0.435997567977275,179.15924790472172,,,,
179.37325631623392,179.37325631623392,0.34587232570177384,179.37325631623392,,,,
179.57471875007457,179.57471875007457,0.34534589322839576,179.57471875007457,,,,
179.5998377917167,179.5998377917167,0.25318925813065524,179.5998377917167,,,,
179.6845923640263,179.6845923640263,0.22635567270809723,179.6845923640263,,,,
179.69164124994572,179.69164124994572,0.2560011563789791,179.69164124994572,,,,
179.681013409435,179.681013409435,0.2753134329878386,179.681013409435,,,,
179.7037553000346,179.7037553000346,0.26221433590066134,179.7037553000346,,,,
180.10751806168653,180.10751806168653,0.3930733880276669,180.10751806168653,,,,
180.26535994312079,180.26535994312079,0.43646003141519907,180.26535994312079,,,,
180.7059583687394,180.7059583687394,0.3644626230176041,180.7059583687394,,,,
181.17071612978503,181.17071612978503,0.6051928692080412,181.17071612978503,,,,
181.02586871658616,181.02586871658616,0.5307883343412607,181.02586871658616,,,,
180.91234718108302,180.91234718108302,0.47254437688859086,180.91234718108302,,,,
180.82551753442732,180.82551753442732,0.4295705958899504,180.82551753442732,,,,
180.80724903770525,180.80724903770525,0.4197080211294386,180.80724903770525,,,,
180.4963964433005,180.4963964433005,0.2590949258170983,180.4963964433005,,,,
180.40889942294166,180.40889942294166,0.21359139119150297,180.40889942294166,,,,
180.38800936176938,180.38800936176938,0.2029393278839476,180.38800936176938,,,,
180.38215871269446,180.38215871269446,0.19973818624774917,180.38215871269446,,,,
180.3726260061715,180.3726260061715,0.19468025854341733,180.3726260061715,,,,
180.45473199146488,180.45473199146488,0.23745207484359043,180.45473199146488,,,,
180.50837901857355,180.50837901857355,0.2653558898389868,180.50837901857355,,,,
180.35460908266117,180.35460908266117,0.20731664550962547,180.35460908266117,,,,
180.2637662544027,180.2637662544027,0.24476663392496112,180.2637662544027,,,,
180.22740539679836,180.22740539679836,0.19597574294133524,180.22740539679836,,,,
180.25541590513984,180.25541590513984,0.1620683586620225,180.25541590513984,,,,
180.0237655308681,180.0237655308681,0.18244301247169142,180.0237655308681,,,,
179.91441051655005,179.91441051655005,0.18813257093184838,179.91441051655005,,,,
179.83269775907615,179.83269775907615,0.08732013638663916,179.83269775907615,,,,
179.82208890790963,179.82208890790963,0.09308447956873639,179.82208890790963,,,,
179.7582520747937,179.7582520747937,0.12633208703218138,179.7582520747937,,,,
179.72043836584453,179.72043836584453,0.14605830221721053,179.72043836584453,,,,
180.1241767099308,180.1241767099308,0.1111532304685812,180.1241767099308,,,,
180.20936420029767,180.20936420029767,0.10889814380844236,180.20936420029767,,,,
180.37824931671844,180.37824931671844,0.19586448095886172,180.37824931671844,,,,
180.4692877178619,180.4692877178619,0.24243234776229644,180.4692877178619,,,,
180.6608474686353,180.6608474686353,0.3393245153509204,180.6608474686353,,,,
180.7392161248062,180.7392161248062,0.3784564577892676,180.7392161248062,,,,
180.52597527083714,180.52597527083714,0.26922268178773295,180.52597527083714,,,,
180.35429341082346,180.35429341082346,0.2217534214066479,180.35429341082346,,,,
179.9707217601818,179.9707217601818,0.08726180385110391,179.9707217601818,,,,
179.81315800985942,179.81315800985942,0.09735544825149259,179.81315800985942,,,,
179.5279054930441,179.5279054930441,0.2467522957759029,179.5279054930441,,,,
179.53317524785547,179.53317524785547,0.2878061743259184,179.53317524785547,,,,
179.53753395698865,179.53753395698865,0.31717529709656617,179.53753395698865,,,,
179.76647354499488,179.76647354499488,0.2558223651908716,179.76647354499488,,,,
180.12584127012815,180.12584127012815,0.07271772543838684,180.12584127012815,,,,
180.1856716848836,180.1856716848836,0.0969299096478251,180.1856716848836,,,,
180.2165180051026,180.2165180051026,0.11257028190875305,180.2165180051026,,,,
180.33980695886726,180.33980695886726,0.17621255731269186,180.33980695886726,,,,
180.38532095825138,180.38532095825138,0.19946613689031722,180.38532095825138,,,,
180.29280712202214,180.29280712202214,0.151445440041462,180.29280712202214,,,,
180.2079116042926,180.2079116042926,0.1073339102106753,180.2079116042926,,,,
180.1210810342497,180.1210810342497,0.07229692774268365,180.1210810342497,,,,
180.09065044638055,180.09065044638055,0.047365007416351385,180.09065044638055,,,,
180.073220749038,180.073220749038,0.06748546388599956,180.073220749038,,,,
179.99902754659047,179.99902754659047,0.08430820168357797,179.99902754659047,,,,
179.98271575789238,179.98271575789238,0.10821941828266493,179.98271575789238,,,,
179.9985516256309,179.9985516256309,0.08993163464569438,179.9985516256309,,,,
179.99416959390686,179.99416959390686,0.02056277620376056,179.99416959390686,,,,
179.98415028428042,179.98415028428042,0.026467260859385555,179.98415028428042,,,,
179.87174519641943,179.87174519641943,0.06709831009290791,179.87174519641943,,,,
179.83702430871895,179.83702430871895,0.08518050531391405,179.83702430871895,,,,
179.70364267636955,179.70364267636955,0.15425548022572638,179.70364267636955,,,,
179.76558147247835,179.76558147247835,0.1221860686158276,179.76558147247835,,,,
179.82959752950342,179.82959752950342,0.0889060117920407,179.82959752950342,,,,
179.88054707553013,179.88054707553013,0.06236550632843098,179.88054707553013,,,,
180.11200170424405,180.11200170424405,0.16217580699683032,180.11200170424405,,,,
180.25089333224662,180.25089333224662,0.24914710352053693,180.25089333224662,,,,
180.18524606779013,180.18524606779013,0.24421016241231847,180.18524606779013,,,,
180.14001798254895,180.14001798254895,0.24151501450223756,180.14001798254895,,,,
180.11110903936742,180.11110903936742,0.27292644418190426,180.11110903936742,,,,
180.07436495107578,180.07436495107578,0.25857009566367783,180.07436495107578,,,,
180.03397771702498,180.03397771702498,0.24396481193326264,180.03397771702498,,,,
180.04328328186435,180.04328328186435,0.31541171740274226,180.04328328186435,,,,
179.64119519258418,179.64119519258418,0.27262179165768397,179.64119519258418,,,,
179.669875433218,179.669875433218,0.29174407209133163,179.669875433218,,,,
179.6709384056491,179.6709384056491,0.3068936075472951,179.6709384056491,,,,
179.71421492969552,179.71421492969552,0.27259478593181546,179.71421492969552,,,,
179.6662151374506,179.6662151374506,0.2627254916194585,179.6662151374506,,,,
179.24115763143936,179.24115763143936,0.39757870295588815,179.24115763143936,,,,
179.08448992310934,179.08448992310934,0.4797715932306215,179.08448992310934,,,,
179.2507842089592,179.2507842089592,0.39351522734200983,179.2507842089592,,,,
179.30141334735424,179.30141334735424,0.3660425372192989,179.30141334735424,,,,
179.41872073379463,179.41872073379463,0.30449638902498327,179.41872073379463,,,,
180.05140229178818,180.05140229178818,0.20369244118332708,180.05140229178818,,,,
180.10886901538817,180.10886901538817,0.2604136792863947,180.10886901538817,,,,
180.1760965089769,180.1760965089769,0.2763523429976496,180.1760965089769,,,,
179.55606255609115,179.55606255609115,0.23223208411289276,179.55606255609115,,,,
179.2780163825978,179.2780163825978,0.37787800484323586,179.2780163825978,,,,
179.3500621021988,179.3500621021988,0.3388263564967521,179.3500621021988,,,,
179.56770779716953,179.56770779716953,0.22535474247419257,179.56770779716953,,,,
179.7009045321801,179.7009045321801,0.15613180721403744,179.7009045321801,,,,
179.7370003281037,179.7370003281037,0.1375644450312606,179.7370003281037,,,,
179.768391761282,179.768391761282,0.15142518415642703,179.768391761282,,,,
179.46984257425942,179.46984257425942,0.2763432959812807,179.46984257425942,,,,
179.2978728387692,179.2978728387692,0.36576332877697615,179.2978728387692,,,,
179.36331022768567,179.36331022768567,0.33131538054362347,179.36331022768567,,,,
179.5474142187398,179.5474142187398,0.23416542364056248,179.5474142187398,,,,
179.59978847693688,179.59978847693688,0.20777728415688193,179.59978847693688,,,,
179.63027205490562,179.63027205490562,0.19227111710138092,179.63027205490562,,,,
179.67938075858126,179.67938075858126,0.1671878031549773,179.67938075858126,,,,
179.76215330217252,179.76215330217252,0.19499857316494024,179.76215330217252,,,,
179.77257088653582,179.77257088653582,0.1655436928669226,179.77257088653582,,,,
179.77369932182245,179.77369932182245,0.14610737912789826,179.77369932182245,,,,
179.75233907455214,179.75233907455214,0.15414067226205536,179.75233907455214,,,,
179.62436650628956,179.62436650628956,0.19580562839521898,179.62436650628956,,,,
179.51333690920063,179.51333690920063,0.2539139736992711,179.51333690920063,,,,
179.3987096697714,179.3987096697714,0.31361504156007913,179.3987096697714,,,,
179.329440506403,179.329440506403,0.34968902050974493,179.329440506403,,,,
179.49239166537848,179.49239166537848,0.26529487725499545,179.49239166537848,,,,
179.36285076273947,179.36285076273947,0.33308040905083397,179.36285076273947,,,,
179.40034118367691,179.40034118367691,0.31330210387224977,179.40034118367691,,,,
179.42826821740255,179.42826821740255,0.29855224859957735,179.42826821740255,,,,
179.52142071704975,179.52142071704975,0.2494000696556653,179.52142071704975,,,,
179.58424332470972,179.58424332470972,0.21651570475786963,179.58424332470972,,,,
179.58632234850626,179.58632234850626,0.21574916593175436,179.58632234850626,,,,
179.59247330695058,179.59247330695058,0.21278825975449464,179.59247330695058,,,,
179.3650610614219,179.3650610614219,0.33124480371785425,179.3650610614219,,,,
179.21724982574173,179.21724982574173,0.40846492285700653,179.21724982574173,,,,
179.44212440942692,179.44212440942692,0.29032790017525734,179.44212440942692,,,,
179.61191606609987,179.61191606609987,0.20245486341884641,179.61191606609987,,,,
179.65101869511201,179.65101869511201,0.18219481424591627,179.65101869511201,,,,
179.91744404155997,179.91744404155997,0.04289099899017151,179.91744404155997,,,,
179.75520482213244,179.75520482213244,0.12702974637651143,179.75520482213244,,,,
179.6697289815446,179.6697289815446,0.17137141592204239,179.6697289815446,,,,
179.55088680759408,179.55088680759408,0.23307221430382968,179.55088680759408,,,,
179.51569097868915,179.51569097868915,0.2514607467224164,179.51569097868915,,,,
179.65140986286065,179.65140986286065,0.18115220309602595,179.65140986286065,,,,
179.79664775470874,179.79664775470874,0.1323149674024487,179.79664775470874,,,,
179.9475126034239,179.9475126034239,0.20430659352860545,179.9475126034239,,,,
179.752003115732,179.752003115732,0.12956050644197523,179.752003115732,,,,
179.6083154436432,179.6083154436432,0.20409690256504762,179.6083154436432,,,,
179.70046333342262,179.70046333342262,0.15618787865772285,179.70046333342262,,,,
179.7487054020519,179.7487054020519,0.13112167822589826,179.7487054020519,,,,
179.92010967145268,179.92010967145268,0.08933118253192679,179.92010967145268,,,,
179.90763618166866,179.90763618166866,0.09031876820594188,179.90763618166866,,,,
179.8923381581942,179.8923381581942,0.13190265123583506,179.8923381581942,,,,
179.88497876029587,179.88497876029587,0.15805673290344058,179.88497876029587,,,,
179.9728965472787,179.9728965472787,0.11602920737667202,179.9728965472787,,,,
180.01361080989807,180.01361080989807,0.09284628672531353,180.01361080989807,,,,
180.017424961315,180.017424961315,0.009062262450389477,180.017424961315,,,,
180.25299633502362,180.25299633502362,0.13190738041458797,180.25299633502362,,,,
180.394540962255,180.394540962255,0.20581558928945387,180.394540962255,,,,
180.38006833120986,180.38006833120986,0.19800973055161375,180.38006833120986,,,,
180.36137831477868,180.36137831477868,0.18816902861225726,180.36137831477868,,,,
180.22933030487604,180.22933030487604,0.11882305523586122,180.22933030487604,,,,
179.60906854296638,179.60906854296638,0.2032959033269629,179.60906854296638,,,,
179.59546618486462,179.59546618486462,0.21043480931043146,179.59546618486462,,,,
179.58228941976114,179.58228941976114,0.2173505117155601,179.58228941976114,,,,
179.51699478960631,179.51699478960631,0.25095698217298734,179.51699478960631,,,,
179.43382214944648,179.43382214944648,0.2940265501965699,179.43382214944648,,,,
179.21372076822882,179.21372076822882,0.40866434945448626,179.21372076822882,,,,
179.0283733762167,179.0283733762167,0.5052265900423291,179.0283733762167,,,,
179.05731729086085,179.05731729086085,0.4906047859981357,179.05731729086085,,,,
179.1850617808575,179.1850617808575,0.42408312855372554,179.1850617808575,,,,
179.27415181181135,179.27415181181135,0.3776383134835168,179.27415181181135,,,,
179.29915591931126,179.29915591931126,0.36459232180670864,179.29915591931126,,,,
179.42005695880653,179.42005695880653,0.302046976311537,179.42005695880653,,,,
179.50820401112867,179.50820401112867,0.25645308204267947,179.50820401112867,,,,
179.48400833478988,179.48400833478988,0.2690266719674343,179.48400833478988,,,,
179.48108158882036,179.48108158882036,0.2705965618252067,179.48108158882036,,,,
179.2410421193394,179.2410421193394,0.3964814008419905,179.2410421193394,,,,
179.09105533082047,179.09105533082047,0.47532762254155525,179.09105533082047,,,,
179.43147866831873,179.43147866831873,0.29810519856676876,179.43147866831873,,,,
179.61658962394978,179.61658962394978,0.33961483230040956,179.61658962394978,,,,
179.59850290562207,179.59850290562207,0.3044473962771412,179.59850290562207,,,,
179.49615123706974,179.49615123706974,0.3048879041335045,179.49615123706974,,,,
179.4220629224463,179.4220629224463,0.3048388875357069,179.4220629224463,,,,
179.46291400899338,179.46291400899338,0.2811727569229749,179.46291400899338,,,,
179.42968100152018,179.42968100152018,0.2982593399777713,179.42968100152018,,,,
179.41562029058124,179.41562029058124,0.30579415365307094,179.41562029058124,,,,
179.4360469977365,179.4360469977365,0.2952584860787745,179.4360469977365,,,,
179.47364071393125,179.47364071393125,0.2829021620950427,179.47364071393125,,,,
179.50239922621512,179.50239922621512,0.2812663880419912,179.50239922621512,,,,
179.3492375291395,179.3492375291395,0.3403838067352701,179.3492375291395,,,,
179.26409942061042,179.26409942061042,0.3850063447119766,179.26409942061042,,,,
179.37445325266532,179.37445325266532,0.32718597895422274,179.37445325266532,,,,
179.33573434960874,179.33573434960874,0.34616237554908236,179.33573434960874,,,,
179.2782940821602,179.2782940821602,0.3755829949552123,179.2782940821602,,,,
179.18588478085383,179.18588478085383,0.4238859989106689,179.18588478085383,,,,
179.15565150890347,179.15565150890347,0.4398774279024712,179.15565150890347,,,,
179.25977674050117,179.25977674050117,0.38532640206574176,179.25977674050117,,,,
179.30001031162277,179.30001031162277,0.3645685140157644,179.30001031162277,,,,
179.32719810766568,179.32719810766568,0.3505453185099462,179.32719810766568,,,,
179.45757553190828,179.45757553190828,0.2818718646466603,179.45757553190828,,,,
179.54838164167492,179.54838164167492,0.23452113734962016,179.54838164167492,,,,
179.53646748339236,179.53646748339236,0.24055964565318633,179.53646748339236,,,,
179.44092586283665,179.44092586283665,0.29076246983913157,179.44092586283665,,,,
179.3990920811826,179.3990920811826,0.3128982517798161,179.3990920811826,,,,
179.6206496083103,179.6206496083103,0.19723241946544076,179.6206496083103,,,,
179.78762054218237,179.78762054218237,0.11000930614098639,179.78762054218237,,,,
179.7548269056402,179.7548269056402,0.127326180969017,179.7548269056402,,,,
179.7035560329832,179.7035560329832,0.15421702256295527,179.7035560329832,,,,
179.8993774750283,179.8993774750283,0.05249423478469021,179.8993774750283,,,,
179.88060043960039,179.88060043960039,0.06235340388404035,179.88060043960039,,,,
179.53609933474718,179.53609933474718,0.24192976578559647,179.53609933474718,,,,
179.3720715106552,179.3720715106552,0.3272827824877488,179.3720715106552,,,,
179.62315842085525,179.62315842085525,0.19651719420294528,179.62315842085525,,,,
179.76922928719614,179.76922928719614,0.1205282148210499,179.76922928719614,,,,
179.65968446122588,179.65968446122588,0.17788722770230142,179.65968446122588,,,,
179.64034141936168,179.64034141936168,0.21686986710366038,179.64034141936168,,,,
179.89996735258194,179.89996735258194,0.2972416223347969,179.89996735258194,,,,
179.8071519370988,179.8071519370988,0.2045324787580829,179.8071519370988,,,,
179.77235269899006,179.77235269899006,0.16924541822509792,179.77235269899006,,,,
179.71998946644234,179.71998946644234,0.1820651943532378,179.71998946644234,,,,
179.69216967427445,179.69216967427445,0.1918835715855833,179.69216967427445,,,,
179.79567737249084,179.79567737249084,0.14511997641385996,179.79567737249084,,,,
179.86455390358412,179.86455390358412,0.11347059895761656,179.86455390358412,,,,
179.58256200382982,179.58256200382982,0.21763907269963853,179.58256200382982,,,,
179.6369957276317,179.6369957276317,0.2194430552073088,179.6369957276317,,,,
180.01050220552554,180.01050220552554,0.19557453353824428,180.01050220552554,,,,
180.21812158211645,180.21812158211645,0.18467297813602065,180.21812158211645,,,,
180.24176173688028,180.24176173688028,0.2862654821525644,180.24176173688028,,,,
180.26360156167704,180.26360156167704,0.3501080623448748,180.26360156167704,,,,
180.31439938283825,180.31439938283825,0.2810603324779551,180.31439938283825,,,,
180.34472578766352,180.34472578766352,0.2635238088271182,180.34472578766352,,,,
180.26627609862848,180.26627609862848,0.2654834899391037,180.26627609862848,,,,
180.18693289987957,180.18693289987957,0.23852343304161988,180.18693289987957,,,,
180.1012569923706,180.1012569923706,0.20084186022254402,180.1012569923706,,,,
180.03798263533974,180.03798263533974,0.1771310796246451,180.03798263533974,,,,
179.57921917618754,179.57921917618754,0.22017520591506806,179.57921917618754,,,,
179.3911631931055,179.3911631931055,0.3184058144027967,179.3911631931055,,,,
179.4668115426745,179.4668115426745,0.278456640627181,179.4668115426745,,,,
179.5281846028068,179.5281846028068,0.24619088704849673,179.5281846028068,,,,
179.60235126134728,179.60235126134728,0.20751060980233696,179.60235126134728,,,,
179.4920516746837,179.4920516746837,0.26509461086266806,179.4920516746837,,,,
179.40868122142922,179.40868122142922,0.3086976954365571,179.40868122142922,,,,
179.37215966373336,179.37215966373336,0.32773750542016405,179.37215966373336,,,,
179.34718191715632,179.34718191715632,0.340758978349681,179.34718191715632,,,,
179.37599865243203,179.37599865243203,0.32564729359307143,179.37599865243203,,,,
179.32421130706723,179.32421130706723,0.35333285735598585,179.32421130706723,,,,
179.13762937112983,179.13762937112983,0.4506837899292535,179.13762937112983,,,,
179.0475935913472,179.0475935913472,0.497610181616183,179.0475935913472,,,,
178.78944529212487,178.78944529212487,0.6330858936662078,178.78944529212487,,,,
178.60675323163787,178.60675323163787,0.7294528545637866,178.60675323163787,,,,
178.6280504064773,178.6280504064773,0.7182360311491215,178.6280504064773,,,,
178.65221955359857,178.65221955359857,0.7055229101704759,178.65221955359857,,,,
178.82368911809377,178.82368911809377,0.6155566609834311,178.82368911809377,,,,
178.6846952297033,178.6846952297033,0.6911230107298512,178.6846952297033,,,,
178.5590824385501,178.5590824385501,0.7576336194810389,178.5590824385501,,,,
178.53801826489314,178.53801826489314,0.7683657886762869,178.53801826489314,,,,
178.51040201949976,178.51040201949976,0.7827238888172837,178.51040201949976,,,,
178.47414343436424,178.47414343436424,0.8014808740897073,178.47414343436424,,,,
178.41243744572645,178.41243744572645,0.832969586853911,178.41243744572645,,,,
178.41492018748409,178.41492018748409,0.8315370942481126,178.41492018748409,,,,
178.4169950523633,178.4169950523633,0.8302526924228828,178.4169950523633,,,,
178.16340075060674,178.16340075060674,0.9636852780689315,178.16340075060674,,,,
178.05042831276137,178.05042831276137,1.0232017408732723,178.05042831276137,,,,
178.07860221080733,178.07860221080733,1.007466850628555,178.07860221080733,,,,
178.11463790540887,178.11463790540887,0.9881251314274075,178.11463790540887,,,,
178.1088679995496,178.1088679995496,0.9907662547487628,178.1088679995496,,,,
178.10167408865897,178.10167408865897,0.9942945619891618,178.10167408865897,,,,
177.941235888503,177.941235888503,1.0785982194955426,177.941235888503,,,,
178.04621191544197,178.04621191544197,1.0222073514078387,178.04621191544197,,,,
177.8929715290983,177.8929715290983,1.1025968193536637,177.8929715290983,,,,
177.9152820504228,177.9152820504228,1.0912521386245049,177.9152820504228,,,,
177.59893116038086,177.59893116038086,1.256698538769966,177.59893116038086,,,,
177.406807545432,177.406807545432,1.357098652281683,177.406807545432,,,,
177.4408837422675,177.4408837422675,1.339649248697473,177.4408837422675,,,,
177.4602674338487,177.4602674338487,1.329409975004334,177.4602674338487,,,,
177.69454422449158,177.69454422449158,1.2071268977891245,177.69454422449158,,,,
177.69012127459763,177.69012127459763,1.2092173914147804,177.69012127459763,,,,
177.68681579781216,177.68681579781216,1.210806286733939,177.68681579781216,,,,
177.77219424507223,177.77219424507223,1.1657659856005587,177.77219424507223,,,,
177.83808093165908,177.83808093165908,1.1311191645412861,177.83808093165908,,,,
178.02230543726753,178.02230543726753,1.034636471578372,178.02230543726753,,,,
178.0632013211437,178.0632013211437,1.0136920722511598,178.0632013211437,,,,
178.05242498768968,178.05242498768968,1.0191943051677717,178.05242498768968,,,,
178.0305177334327,178.0305177334327,1.030244428097753,178.0305177334327,,,,
178.06023412442005,178.06023412442005,1.0146179390745071,178.06023412442005,,,,
178.0832268200611,178.0832268200611,1.0025208507651828,178.0832268200611,,,,
178.06723433946027,178.06723433946027,1.008180564320441,178.06723433946027,,,,
178.0524229307179,178.0524229307179,1.0142163737164775,178.0524229307179,,,,
178.48812810074236,178.48812810074236,0.7852092851412196,178.48812810074236,,,,
178.48764384764667,178.48764384764667,0.784939743463215,178.48764384764667,,,,
178.46715925058896,178.46715925058896,0.7952359613548035,178.46715925058896,,,,
178.62125665470816,178.62125665470816,0.7151685899188084,178.62125665470816,,,,
178.72206017915232,178.72206017915232,0.6628642832184632,178.72206017915232,,,,
178.5190017843153,178.5190017843153,0.768585851239806,178.5190017843153,,,,
178.76395596196892,178.76395596196892,0.6385388271347576,178.76395596196892,,,,
178.8873240184878,178.8873240184878,0.5741035100102369,178.8873240184878,,,,
178.86649625109493,178.86649625109493,0.5857986655465519,178.86649625109493,,,,
178.76271402375875,178.76271402375875,0.6405674954934435,178.76271402375875,,,,
178.68913969063482,178.68913969063482,0.6793636888536063,178.68913969063482,,,,
178.702878117387,178.702878117387,0.6724317732771248,178.702878117387,,,,
178.72877622606308,178.72877622606308,0.6591100084268244,178.72877622606308,,,,
178.74471034032234,178.74471034032234,0.6507077273827422,178.74471034032234,,,,
178.75928138999947,178.75928138999947,0.6430416509118129,178.75928138999947,,,,
178.87549299855405,178.87549299855405,0.5824989715531423,178.87549299855405,,,,
178.85207694948744,178.85207694948744,0.595266307025136,178.85207694948744,,,,
178.81167476756514,178.81167476756514,0.6166658813654093,178.81167476756514,,,,
178.782432174699,178.782432174699,0.632169282850704,178.782432174699,,,,
178.8519929089336,178.8519929089336,0.5957054863786557,178.8519929089336,,,,
178.914391424609,178.914391424609,0.5630943331116016,178.914391424609,,,,
178.93579622819527,178.93579622819527,0.5520859487439126,178.93579622819527,,,,
178.95837868193126,178.95837868193126,0.5404589561708817,178.95837868193126,,,,
178.96298931801266,178.96298931801266,0.5381015285395665,178.96298931801266,,,,
179.69275974403996,179.69275974403996,0.45205596088415556,179.69275974403996,,,,
180.06106745651914,180.06106745651914,0.527529830510655,180.06106745651914,,,,
179.94780616373652,179.94780616373652,0.5069617051636728,179.94780616373652,,,,
